TCIA_ID,Interval_BL,Interval_FU,TTP,Censored_0_progressed_1,age,agegp,Sex,Smoking,Alcohol,fhx_can,Diabetes,Personal history of cancer,Evidence_of_cirh,Pathology,PS_bclc_0_0_1-2_1_3-4_3,Tr_Size,Vascular invasion,Lymphnodes,Portal Vein Thrombosis,T_involvment,AFP,AFP_group,CLIP,chemotherapy,1_EASL_BL,1_EASL_FU,1_EASL,1_RECIST_BL,1_RECIST_FU,1_RECIST,2_RECIST_BL,2_RECIST_FU,2_RECIST,3_RECIST_BL,3_RECIST_FU,3_RECIST,1_mRECIST_BL,1_mRECIST_FU,1_mRECIST,2_mRECIST_BL,2_mRECIST_FU,2_mRECIST,3_mRECIST_BL,3_mRECIST_FU,3_mRECIST,hepatitis_HBV only,hepatitis_HCV and HBV,hepatitis_HCV only,tumor_nodul_multinodular,CPS_A,CPS_B,CPS_C,CLIP_score_Stage_0,CLIP_score_Stage_1,CLIP_score_Stage_2,CLIP_score_Stage_3,CLIP_score_Stage_4,CLIP_score_Stage_5,TNM_Stage-I,TNM_Stage-II,TNM_Stage-IIIA,TNM_Stage-IIIB,TNM_Stage-IIIC,TNM_Stage-IVA,TNM_Stage-IVB,BCLC_Stage-A,BCLC_Stage-B,BCLC_Stage-C,BCLC_Stage-D,Okuda_Stage I,Okuda_Stage II,Okuda_Stage III
HCC_001,-18,20.43,197.0,1,71,4.0,1,1,1,0,0,1,1,3.0,0,0.8,0,0,0,0.0,5.0,0.0,0.0,"Cisplatin, doxorubicin, Mitomycin-C",1628.7,0.0,3.0,44.5,36.4,3.0,43.0,33.0,3.0,43.0,37.0,3.0,44.5,0.0,1.0,43.0,0.0,1.0,43.0,0.0,1.0,0,0,1,1,1,0,0,0,1,0,0,0,0,0,1,0,0,0,0,0,1,0,0,0,1,0,0
HCC_002,84,22.86,20.71428571,0,72,4.0,1,1,1,0,0,0,1,5.0,0,,1,0,1,0.0,2910.5,1.0,1.0,"Cisplatin, doxorubicin, Mitomycin-C",5641.22,1968.96,4.0,103.7,113.3,3.0,107.0,108.0,3.0,106.0,96.8,3.0,103.7,58.6,2.0,107.0,69.0,2.0,106.0,58.6,2.0,1,0,0,1,1,0,0,0,0,0,1,0,0,0,0,0,1,0,0,0,0,0,1,0,1,0,0
HCC_003,3,7.0,5.571428571,1,53,2.0,1,1,1,1,0,0,1,3.0,0,,1,1,1,1.0,1555.2,1.0,2.0,,19090.94,22293.98,4.0,162.2,173.9,3.0,119.0,127.0,3.0,127.0,138.0,3.0,162.2,173.9,3.0,87.0,127.0,4.0,127.0,138.0,3.0,0,0,1,1,1,0,0,0,0,0,0,1,0,0,0,0,0,0,1,0,0,0,1,0,0,1,0
HCC_004,1,7.57,5.428571429,0,80,4.0,1,0,0,1,0,0,1,3.0,0,7.0,0,0,0,0.0,1431.8,1.0,0.0,,4325.88,4226.76,4.0,70.8,59.7,3.0,65.0,57.0,3.0,65.0,58.6,3.0,70.8,70.8,3.0,65.0,44.0,2.0,65.0,50.9,3.0,0,0,0,1,1,0,0,0,0,1,0,0,0,0,0,1,0,0,0,0,0,1,0,0,0,1,0
HCC_005,435,13.86,12.85714286,0,73,4.0,1,1,1,1,0,0,1,3.0,0,,0,1,0,0.0,277.2,0.0,0.0,,4703.4,3564.54,4.0,70.2,62.1,3.0,67.0,62.0,3.0,73.3,68.2,3.0,70.2,62.1,3.0,67.0,62.0,3.0,63.3,68.2,3.0,0,0,0,1,1,0,0,0,1,0,0,0,0,0,0,0,0,0,1,0,0,0,1,0,1,0,0
HCC_006,33,24.14,58.14285714,1,54,2.0,1,0,0,1,0,1,1,5.0,1,,0,0,0,0.0,116.1,0.0,0.0,"Cisplatin, doxorubicin, Mitomycin-C",928.24,0.0,3.0,32.8,26.3,3.0,34.0,26.0,3.0,28.9,25.5,3.0,32.8,0.0,1.0,34.0,0.0,1.0,28.9,0.0,1.0,0,1,0,0,0,1,0,0,1,0,0,0,0,0,0,0,0,1,0,0,0,0,1,0,0,1,0
HCC_007,-148,11.0,55.85714286,1,71,4.0,1,1,1,1,0,0,1,5.0,1,2.0,0,0,0,0.0,97.8,0.0,0.0,,10040.49,2460.75,4.0,110.7,108.4,3.0,115.0,114.0,3.0,117.6,110.0,3.0,110.7,57.9,2.0,106.0,77.0,3.0,117.6,72.9,2.0,0,0,1,1,1,0,0,0,1,0,0,0,0,0,1,0,0,0,0,0,0,0,1,0,1,0,0
HCC_008,0,5.57,6.571428571,0,68,3.0,1,0,1,1,0,0,1,5.0,1,,0,0,0,1.0,2680.8,1.0,2.0,"Cisplatin, doxorubicin, Mitomycin-C",6564.47,1536.24,4.0,91.3,77.9,3.0,90.0,80.0,3.0,84.7,76.1,3.0,91.3,51.3,2.0,58.0,0.0,1.0,75.3,21.0,2.0,0,0,0,0,0,0,1,0,0,0,0,0,1,1,0,0,0,0,0,0,0,0,0,1,0,0,1
HCC_009,-8,4.71,5.714285714,0,59,2.0,1,0,0,1,0,0,0,1.0,1,,1,0,1,1.0,209147.0,1.0,2.0,"Cisplatin, doxorubicin, Mitomycin-C",20841.81,2261.13,4.0,150.7,147.4,3.0,153.0,144.0,3.0,150.0,143.0,3.0,150.7,66.7,2.0,127.0,74.0,2.0,150.0,123.0,3.0,0,0,0,1,0,1,0,0,0,0,0,0,1,0,0,0,0,0,0,1,0,0,1,0,0,1,0
HCC_010,-1,10.14,11.28571429,0,46,1.0,2,1,1,0,0,0,1,3.0,1,,0,0,0,0.0,9486.1,1.0,0.0,"Cisplatin, doxorubicin, Mitomycin-C",2176.0,0.0,3.0,51.5,43.4,3.0,51.0,39.0,3.0,46.8,39.8,3.0,51.5,0.0,1.0,51.0,0.0,1.0,45.1,0.0,1.0,0,0,1,0,0,1,0,0,0,1,0,0,0,1,0,0,0,0,0,0,0,0,1,0,0,1,0
HCC_011,-3,19.86,29.42857143,0,77,4.0,1,1,1,0,0,0,1,5.0,1,6.0,0,0,0,0.0,23.8,0.0,0.0,"Cisplatin, doxorubicin, Mitomycin-C",3321.12,1296.26,4.0,74.8,55.7,3.0,53.0,65.0,4.0,54.9,54.2,3.0,74.8,39.4,2.0,53.0,38.0,3.0,54.9,51.3,3.0,0,1,0,1,1,0,0,0,1,0,0,0,0,0,0,1,0,0,0,0,0,0,1,0,1,0,0
HCC_012,3,13.0,10.57142857,0,73,4.0,1,0,0,1,1,1,1,0.0,1,1.0,0,0,0,0.0,12.2,0.0,0.0,,3906.29,533.12,4.0,95.3,33.9,2.0,142.0,66.0,2.0,74.5,66.0,3.0,95.3,27.2,2.0,79.0,33.0,2.0,73.8,18.6,2.0,0,0,0,1,1,0,0,0,1,0,0,0,0,0,1,0,0,0,0,0,0,0,1,0,0,1,0
HCC_013,1,12.86,10.85714286,0,61,3.0,1,0,0,1,1,1,1,3.0,0,5.5,0,0,0,0.0,6.2,0.0,0.0,"Cisplatin, doxorubicin, Mitomycin-C",1130.96,0.0,3.0,53.6,46.2,3.0,59.0,43.0,3.0,58.8,44.6,3.0,53.6,0.0,1.0,50.0,30.0,2.0,55.9,25.6,2.0,0,0,0,1,1,0,0,0,1,0,0,0,0,0,0,1,0,0,0,0,0,1,0,0,1,0,0
HCC_014,-7,14.43,104.0,0,68,3.0,2,1,1,0,0,0,1,5.0,1,,0,0,0,0.0,60.2,0.0,0.0,"Cisplatin, doxorubicin, Mitomycin-C",1542.98,495.04,4.0,43.1,41.5,3.0,44.0,37.0,3.0,42.5,40.9,3.0,43.1,23.8,2.0,44.0,27.0,2.0,42.5,32.2,3.0,0,0,0,0,0,1,0,0,1,0,0,0,0,1,0,0,0,0,0,0,0,0,1,0,0,1,0
HCC_015,29,20.0,16.85714286,0,85,4.0,2,0,0,1,1,0,1,0.0,0,5.3,0,0,0,0.0,3.6,0.0,0.0,"Cisplatin, doxorubicin, Mitomycin-C",1031.15,378.14,4.0,54.1,44.1,3.0,50.0,42.0,3.0,54.4,42.8,3.0,50.3,25.9,2.0,50.0,0.0,1.0,50.2,31.9,2.0,0,0,0,0,0,1,0,0,1,0,0,0,0,1,0,0,0,0,0,0,0,1,0,0,0,1,0
HCC_016,1,9.57,5.571428571,1,49,1.0,1,0,1,0,1,0,1,3.0,0,,1,0,1,0.0,10.24,0.0,0.0,"Cisplatin, doxorubicin, Mitomycin-C",392.2,301.86,4.0,58.6,60.2,3.0,56.0,53.0,3.0,58.1,61.8,3.0,37.0,25.8,2.0,56.0,9.0,2.0,42.6,39.8,3.0,0,0,1,0,0,1,0,0,0,1,0,0,0,0,1,0,0,0,0,0,0,0,1,0,0,1,0
HCC_017,-2,-25.86,42.71428571,1,79,4.0,2,0,0,0,1,0,1,5.0,0,5.0,0,0,0,0.0,16.8,0.0,0.0,"Cisplatin, doxorubicin, Mitomycin-C",1218.78,0.0,3.0,48.9,32.4,2.0,52.0,28.0,2.0,50.6,26.0,2.0,36.6,0.0,1.0,52.0,0.0,1.0,50.6,22.1,2.0,0,0,0,1,0,1,0,0,0,1,0,0,0,0,1,0,0,0,0,0,0,1,0,0,0,1,0
HCC_018,2,7.57,18.71428571,0,50,1.0,1,1,1,1,1,0,1,0.0,0,,0,1,0,0.0,104.2,0.0,0.0,"Cisplatin, doxorubicin, Mitomycin-C",875.6,1133.16,4.0,46.8,60.6,4.0,45.0,32.0,3.0,40.2,54.4,4.0,39.8,39.9,3.0,40.0,0.0,1.0,40.2,29.4,3.0,0,0,1,1,0,1,0,0,0,1,0,0,0,0,0,0,0,0,1,0,0,0,1,0,0,1,0
HCC_019,2,9.0,34.28571429,1,78,4.0,1,1,0,1,0,1,1,3.0,1,,0,0,0,0.0,4.2,0.0,0.0,"Cisplatin, doxorubicin, Mitomycin-C",1781.2,629.64,4.0,54.8,41.0,3.0,48.0,41.0,3.0,45.9,44.3,3.0,48.8,31.8,2.0,41.0,31.0,3.0,45.9,33.1,3.0,0,0,1,0,1,0,0,1,0,0,0,0,0,1,0,0,0,0,0,0,0,0,1,0,1,0,0
HCC_020,0,7.0,31.0,0,72,4.0,1,1,1,0,0,0,1,1.0,1,,0,1,0,0.0,566530.0,1.0,0.0,"Cisplatin, doxorubicin, Mitomycin-C",11048.92,3952.08,4.0,112.4,133.8,3.0,116.0,106.0,3.0,109.0,101.0,3.0,112.4,79.2,3.0,116.0,48.0,2.0,109.0,80.0,3.0,0,0,0,0,0,1,0,0,0,1,0,0,0,0,0,0,0,0,0,1,0,0,1,0,0,1,0
HCC_021,2,6.57,36.42857143,0,64,3.0,1,1,1,1,0,0,1,3.0,1,,1,0,0,0.0,9179.4,1.0,0.0,"Cisplatin, doxorubicin, Mitomycin-C",1570.23,0.0,3.0,71.6,48.9,2.0,78.0,55.0,3.0,69.0,48.8,3.0,65.7,0.0,1.0,40.0,20.0,2.0,53.8,30.8,2.0,1,0,0,1,1,0,0,0,0,1,0,0,0,0,0,0,1,0,0,0,0,0,1,0,1,0,0
HCC_022,19,6.14,42.0,1,58,2.0,1,1,0,0,0,0,1,5.0,0,4.6,0,0,0,0.0,8.5,0.0,0.0,,6461.28,2286.41,4.0,158.7,116.8,3.0,153.0,123.0,3.0,149.3,120.4,3.0,141.6,62.3,2.0,125.0,48.0,2.0,149.3,62.1,2.0,1,0,0,1,1,0,0,0,1,0,0,0,0,0,1,0,0,0,0,0,0,1,0,0,1,0,0
HCC_023,96,8.71,20.0,0,70,3.0,1,1,1,1,0,0,1,1.0,0,2.6,0,0,0,0.0,13.8,0.0,0.0,"Cisplatin, doxorubicin, Mitomycin-C",2577.36,1059.66,4.0,89.7,75.6,3.0,100.0,80.0,3.0,38.1,42.2,3.0,89.7,40.6,2.0,80.0,44.0,2.0,16.7,7.5,2.0,0,1,0,1,0,1,0,0,0,1,0,0,0,0,1,0,0,0,0,0,0,1,0,0,1,0,0
HCC_024,-1,,7.714285714,0,76,4.0,2,0,0,1,0,0,1,3.0,1,,1,0,0,0.0,17.8,0.0,0.0,"Cisplatin, doxorubicin, Mitomycin-C",,,,,,,,,,,,,,,,,,,,,,0,0,0,0,1,0,0,1,0,0,0,0,0,0,0,0,1,0,0,0,0,0,1,0,1,0,0
HCC_025,15,5.71,38.71428571,1,70,3.0,1,1,0,0,1,0,0,5.0,0,13.9,0,0,0,1.0,2.1,0.0,0.0,"Cisplatin, doxorubicin, Mitomycin-C",8862.2,6506.24,4.0,163.4,157.6,3.0,171.0,159.0,3.0,171.0,165.0,3.0,121.4,108.8,3.0,111.0,100.0,3.0,136.0,10.4,2.0,0,0,0,1,1,0,0,0,0,1,0,0,0,0,0,1,0,0,0,0,0,1,0,0,0,1,0
HCC_026,225,9.0,49.14285714,0,73,4.0,2,0,0,0,0,0,1,5.0,1,,0,0,0,0.0,1355.2,1.0,0.0,"Cisplatin, doxorubicin, Mitomycin-C",1613.3,0.0,3.0,44.2,37.3,3.0,40.0,35.0,3.0,41.6,40.8,3.0,44.2,0.0,1.0,34.0,0.0,1.0,41.6,0.0,1.0,0,1,0,0,1,0,0,0,1,0,0,0,0,0,0,0,0,0,0,1,0,0,1,0,0,1,0
HCC_027,35,8.14,9.142857143,0,75,4.0,2,0,0,1,1,0,0,1.0,1,,0,0,0,0.0,16.8,0.0,0.0,,985.32,0.0,3.0,32.2,26.1,3.0,32.0,29.0,3.0,27.6,30.9,3.0,32.2,0.0,1.0,34.0,0.0,1.0,27.6,14.2,2.0,0,0,0,0,1,0,0,1,0,0,0,0,0,1,0,0,0,0,0,0,0,0,1,0,1,0,0
HCC_028,67,8.86,40.85714286,1,58,2.0,1,1,1,1,0,0,1,3.0,0,4.8,0,0,0,0.0,317.0,0.0,0.0,"Cisplatin, doxorubicin, Mitomycin-C",3399.78,491.38,4.0,104.4,89.9,3.0,108.0,83.0,3.0,95.2,78.3,3.0,104.4,31.1,2.0,90.0,24.0,2.0,95.2,24.3,2.0,0,0,0,1,0,1,0,0,0,1,0,0,0,0,1,0,0,0,0,0,0,1,0,0,0,1,0
HCC_029,34,,14.57142857,1,49,1.0,1,0,1,0,0,0,0,3.0,1,,0,0,0,1.0,1500.0,1.0,1.0,"Cisplatin, doxorubicin, Mitomycin-C",6418.1,6521.63,4.0,230.3,205.5,3.0,,,,,,,201.7,205.5,3.0,,,,,,,1,0,0,0,1,0,0,0,0,0,1,0,0,1,0,0,0,0,0,0,0,0,1,0,0,1,0
HCC_030,1,6.71,12.0,0,77,4.0,1,0,0,1,1,1,1,3.0,1,4.0,0,0,0,1.0,44.4,0.0,1.0,"Cisplatin, doxorubicin, Mitomycin-C",,,,,,,294.0,176.0,2.0,,,,,,,219.0,117.0,2.0,,,,0,0,0,1,0,1,0,0,0,0,1,0,0,0,1,0,0,0,0,0,0,0,1,0,0,1,0
HCC_031,33,14.71,45.86,1,64,3.0,1,0,0,1,0,0,1,0.0,0,2.6,0,0,0,0.0,159.6,0.0,0.0,"Cisplatin, doxorubicin, Mitomycin-C",1472.57,0.0,3.0,69.4,58.4,3.0,88.0,59.0,2.0,91.9,45.2,2.0,69.4,0.0,1.0,88.0,0.0,1.0,92.0,0.0,1.0,0,0,0,1,0,1,0,0,0,1,0,0,0,0,1,0,0,0,0,0,0,1,0,0,0,1,0
HCC_032,39,17.43,9.142857143,0,72,4.0,2,0,0,1,1,0,0,0.0,1,,0,0,0,0.0,76.2,0.0,0.0,"Cisplatin, doxorubicin, Mitomycin-C",3574.36,1105.92,4.0,82.8,81.0,3.0,87.0,82.0,3.0,89.0,88.0,3.0,77.2,57.6,3.0,87.0,54.0,2.0,77.0,66.5,3.0,0,0,0,0,1,0,0,1,0,0,0,0,0,1,0,0,0,0,0,0,0,0,1,0,1,0,0
HCC_033,8,9.14,20.71428571,0,82,4.0,2,0,0,1,1,0,0,5.0,3,,0,0,0,0.0,1.5,0.0,0.0,Cisplastin,3577.76,1757.8,4.0,81.0,79.3,3.0,77.0,74.0,3.0,75.3,72.5,3.0,75.8,51.7,2.0,73.0,0.0,1.0,70.3,52.5,3.0,0,0,0,0,1,0,0,1,0,0,0,0,0,1,0,0,0,0,0,0,0,0,0,1,1,0,0
HCC_034,1,8.86,22.71428571,1,80,4.0,2,1,0,1,1,0,0,1.0,1,5.0,0,0,0,0.0,16505.8,1.0,0.0,doxorubicin LC beads,1419.23,507.4,4.0,47.7,44.1,3.0,48.0,41.0,3.0,49.7,43.7,3.0,40.9,29.5,3.0,44.0,17.0,2.0,42.5,33.8,3.0,0,0,1,1,1,0,0,0,0,1,0,0,0,0,1,0,0,0,0,0,0,0,1,0,1,0,0
HCC_035,32,3.57,4.714285714,0,75,4.0,1,1,1,0,1,1,0,5.0,1,,1,1,1,1.0,24478.4,1.0,2.0,"Cisplatin, doxorubicin, Mitomycin-C",353.08,0.0,3.0,19.4,16.3,3.0,35.0,47.0,4.0,34.9,36.4,3.0,19.4,0.0,1.0,29.0,24.0,3.0,28.9,9.6,2.0,0,0,0,0,1,0,0,0,0,0,0,1,0,0,0,0,0,0,0,1,0,0,1,0,0,1,0
HCC_036,32,13.29,28.28571429,1,68,3.0,2,0,0,0,0,0,0,0.0,0,2.5,0,0,0,0.0,784.0,1.0,0.0,"Cisplatin, doxorubicin, Mitomycin-C",885.5,0.0,3.0,32.2,29.7,3.0,29.0,29.0,3.0,31.8,25.6,3.0,32.2,0.0,1.0,29.0,0.0,1.0,31.8,0.0,1.0,0,1,0,1,1,0,0,0,0,1,0,0,0,0,1,0,0,0,0,0,1,0,0,0,1,0,0
HCC_037,3,10.14,10.0,0,82,4.0,1,1,1,1,1,1,1,5.0,0,13.0,0,0,0,1.0,3.5,0.0,1.0,"Cisplatin, doxorubicin, Mitomycin-C",15379.74,5977.51,4.0,149.9,142.8,3.0,150.0,156.0,3.0,149.0,141.0,3.0,149.9,110.9,3.0,150.0,156.0,3.0,131.0,132.0,3.0,0,0,0,1,0,1,0,0,0,0,1,0,0,0,0,1,0,0,0,0,0,1,0,0,0,1,0
HCC_038,-8,8.71,16.57142857,0,71,4.0,1,1,1,1,1,0,1,0.0,0,7.0,0,0,0,0.0,7.6,0.0,0.0,"Cisplatin, doxorubicin, Mitomycin-C",145.0,1683.0,4.0,74.8,70.1,3.0,83.0,74.0,3.0,94.4,70.5,3.0,72.5,42.5,2.0,55.0,21.0,2.0,61.9,29.6,2.0,0,0,0,1,1,0,0,0,1,0,0,0,0,0,0,1,0,0,0,0,0,1,0,0,1,0,0
HCC_039,50,8.86,35.85714286,1,76,4.0,2,0,0,1,0,0,1,5.0,0,7.6,0,0,0,0.0,581.4,1.0,0.0,"Cisplatin, doxorubicin, Mitomycin-C",5482.4,1737.54,4.0,77.0,70.4,3.0,71.0,67.0,3.0,76.0,65.9,3.0,77.0,59.1,3.0,71.0,35.0,2.0,76.0,50.5,2.0,0,0,1,0,1,0,0,0,1,0,0,0,0,1,0,0,0,0,0,0,0,1,0,0,1,0,0
HCC_040,-13,5.71,23.71428571,0,76,4.0,2,1,1,1,0,0,0,0.0,1,,0,0,0,0.0,3299.8,1.0,0.0,"Cisplatin, doxorubicin, Mitomycin-C",3329.66,723.61,4.0,76.2,61.0,3.0,73.0,61.0,3.0,62.8,52.3,3.0,72.7,26.9,2.0,61.0,27.0,2.0,58.5,31.4,2.0,0,0,0,0,1,0,0,0,1,0,0,0,0,1,0,0,0,0,0,0,0,0,1,0,1,0,0
HCC_041,-15,8.14,101.8571429,0,49,1.0,1,1,1,0,0,0,1,3.0,1,16.0,0,0,0,1.0,10017.4,1.0,1.0,"Cisplatin, doxorubicin, Mitomycin-C",12435.03,1603.8,4.0,253.1,196.6,3.0,250.0,201.0,3.0,215.9,178.0,3.0,243.9,77.2,2.0,286.0,135.0,2.0,172.6,51.4,2.0,0,0,1,1,1,0,0,0,0,0,1,0,0,0,0,1,0,0,0,0,0,0,1,0,0,1,0
HCC_042,105,6.57,138.8571429,0,73,4.0,1,0,1,1,1,0,1,0.0,1,5.1,0,0,0,0.0,1.8,0.0,0.0,"Cisplatin, doxorubicin, Mitomycin-C",641.7,247.94,4.0,41.1,37.0,3.0,41.0,47.0,3.0,43.0,41.5,3.0,31.0,25.3,3.0,15.0,0.0,1.0,25.4,30.5,4.0,0,0,0,0,1,0,0,1,0,0,0,0,0,1,0,0,0,0,0,0,0,0,1,0,1,0,0
HCC_043,3,5.43,23.42857143,1,72,4.0,1,1,0,0,0,0,1,3.0,0,3.8,0,0,0,0.0,52.8,0.0,0.0,"Cisplatin, doxorubicin, Mitomycin-C",894.96,0.0,3.0,33.9,36.2,3.0,37.0,38.0,3.0,35.5,38.5,3.0,33.9,0.0,1.0,37.0,0.0,1.0,35.5,0.0,1.0,0,1,0,1,1,0,0,0,1,0,0,0,0,0,1,0,0,0,0,0,0,1,0,0,1,0,0
HCC_044,28,10.86,35.57142857,1,57,2.0,1,0,0,1,1,0,1,5.0,1,8.0,0,0,0,0.0,4.1,0.0,0.0,"Cisplatin, doxorubicin, Mitomycin-C",1672.83,876.66,4.0,72.4,87.2,4.0,92.0,94.0,3.0,52.1,79.3,4.0,63.6,64.7,3.0,92.0,38.0,2.0,42.9,19.7,2.0,1,0,0,1,1,0,0,0,1,0,0,0,0,0,0,1,0,0,0,0,0,0,1,0,1,0,0
HCC_045,-1,,73.0,1,52,2.0,1,0,0,1,0,0,1,0.0,1,6.6,0,0,0,0.0,8.7,0.0,0.0,"Cisplatin, doxorubicin, Mitomycin-C",,,,,,,,,,,,,,,,,,,,,,0,0,1,1,1,0,0,0,1,0,0,0,0,0,0,1,0,0,0,0,0,0,1,0,1,0,0
HCC_046,27,5.0,4.142857143,1,64,3.0,1,1,1,1,0,1,0,3.0,0,,1,0,1,1.0,102.0,0.0,1.0,"Cisplatin, doxorubicin, Mitomycin-C",18299.0,17563.8,4.0,145.0,146.0,3.0,148.0,173.0,3.0,140.0,159.0,3.0,145.0,146.0,3.0,148.0,135.0,3.0,134.7,159.0,3.0,0,0,0,1,1,0,0,0,0,0,1,0,0,0,0,0,1,0,0,0,0,0,1,0,0,1,0
HCC_047,0,10.0,51.71428571,1,88,4.0,1,1,1,0,1,1,0,3.0,3,,0,0,0,0.0,3.5,0.0,0.0,"Cisplatin, doxorubicin, Mitomycin-C",2753.5499999999997,2941.47,4.0,63.3,74.3,3.0,71.0,67.0,3.0,60.6,55.3,3.0,63.3,60.9,3.0,71.0,48.0,2.0,54.7,34.3,2.0,0,0,0,0,1,0,0,1,0,0,0,0,0,1,0,0,0,0,0,0,0,0,0,1,0,1,0
HCC_048,13,12.71,25.71428571,0,50,1.0,1,0,0,0,0,0,1,0.0,0,1.5,0,0,0,0.0,223.7,0.0,0.0,"Cisplatin, doxorubicin, Mitomycin-C",1443.8,1300.08,4.0,113.9,100.7,3.0,48.0,47.0,3.0,62.6,34.0,2.0,113.9,69.8,2.0,48.0,22.0,2.0,62.6,3.5,2.0,0,0,1,1,1,0,0,0,1,0,0,0,0,0,1,0,0,0,0,0,0,1,0,0,1,0,0
HCC_049,15,9.0,12.85714286,0,65,3.0,2,0,0,1,0,0,0,3.0,1,,1,0,0,0.0,26.7,0.0,0.0,"Cisplatin, doxorubicin, Mitomycin-C",12408.0,377.14,4.0,112.8,107.2,3.0,117.0,112.0,3.0,114.0,100.9,3.0,112.8,34.6,2.0,78.0,80.0,3.0,105.0,98.7,3.0,0,0,0,0,1,0,0,1,0,0,0,0,0,0,0,0,0,0,0,1,0,0,1,0,1,0,0
HCC_050,75,,8.571428571,0,65,3.0,1,1,1,1,0,0,1,5.0,0,4.0,0,0,0,0.0,4.6,0.0,0.0,"Cisplatin, doxorubicin, Mitomycin-C",,,,,,,,,,,,,,,,,,,,,,0,1,0,0,1,0,0,1,0,0,0,0,0,1,0,0,0,0,0,0,1,0,0,0,1,0,0
HCC_051,28,10.14,15.85714286,0,76,4.0,2,0,0,0,0,0,0,5.0,1,11.0,0,0,0,0.0,2329.8,1.0,0.0,"Cisplatin, Mitomycin-C",3902.59,2799.15,4.0,128.7,48.6,2.0,114.0,98.0,3.0,128.2,114.1,3.0,79.7,82.9,3.0,72.0,34.0,2.0,95.5,75.7,3.0,0,0,0,1,1,0,0,0,0,1,0,0,0,0,0,1,0,0,0,0,0,0,1,0,1,0,0
HCC_052,5,7.0,36.85714286,0,63,3.0,2,1,1,1,1,0,1,5.0,1,7.4,0,0,0,0.0,61.0,0.0,0.0,"Cisplatin, Mitomycin-C",3458.22,4263.37,4.0,137.4,132.0,3.0,136.0,141.0,3.0,131.4,129.5,3.0,101.4,104.9,3.0,127.0,88.0,2.0,117.1,103.4,3.0,0,0,0,1,1,0,0,0,1,0,0,0,0,0,0,1,0,0,0,0,0,0,1,0,1,0,0
HCC_053,5,7.86,32.42857143,0,56,2.0,1,1,1,0,0,0,1,5.0,0,,1,0,1,1.0,1571.4,1.0,2.0,,10336.41,9428.04,4.0,155.4,149.2,3.0,222.0,198.0,3.0,247.1,230.1,3.0,155.4,149.2,3.0,222.0,169.0,3.0,247.1,208.5,3.0,0,0,1,1,0,1,0,0,0,0,0,0,1,0,0,0,0,0,0,1,0,0,1,0,0,1,0
HCC_054,-21,12.0,229.8571429,0,54,2.0,2,1,1,1,0,0,1,0.0,0,,1,0,1,0.0,4.6,0.0,0.0,"Cisplatin, doxorubicin, Mitomycin-C",706.86,0.0,3.0,52.7,39.9,3.0,43.0,40.0,3.0,40.4,40.7,3.0,29.7,0.0,1.0,43.0,0.0,1.0,39.7,0.0,1.0,0,1,0,1,1,0,0,0,0,1,0,0,0,0,0,0,1,0,0,0,0,0,1,0,1,0,0
HCC_055,-3,7.0,6.142857143,0,80,4.0,1,0,1,1,0,0,1,5.0,0,3.5,0,0,0,0.0,6.7,0.0,0.0,"Cisplatin, doxorubicin, Mitomycin-C",1134.48,0.0,3.0,34.8,24.9,3.0,37.0,23.0,2.0,34.3,28.3,3.0,34.8,0.0,1.0,37.0,0.0,1.0,34.3,0.0,1.0,0,0,1,0,1,0,0,1,0,0,0,0,0,1,0,0,0,0,0,0,1,0,0,0,1,0,0
HCC_056,-1,1.29,5.714285714,0,81,4.0,1,1,0,1,1,0,1,5.0,1,,1,0,1,0.0,1.9,0.0,0.0,"Cisplatin, doxorubicin, Mitomycin-C",3654.8999999999996,4130.3,4.0,88.4,93.2,3.0,89.0,89.0,3.0,109.5,107.6,3.0,65.5,80.2,4.0,89.0,89.0,3.0,72.5,65.6,3.0,0,0,0,1,1,0,0,0,0,1,0,0,0,0,0,0,1,0,0,0,0,0,1,0,1,0,0
HCC_057,4,6.0,7.714285714,0,68,3.0,2,1,0,1,1,1,0,3.0,1,1.7,0,0,0,1.0,1420.0,1.0,1.0,"Cisplatin, doxorubicin, Mitomycin-C",1006.8100000000001,3525.6300000000006,4.0,17.3,150.5,4.0,159.0,149.0,3.0,172.7,154.0,3.0,75.7,66.9,3.0,159.0,89.0,2.0,87.7,57.2,2.0,0,0,0,1,1,0,0,0,0,0,1,0,0,0,1,0,0,0,0,0,0,0,1,0,0,1,0
HCC_058,11,7.29,5.571428571,0,81,4.0,1,0,0,1,0,1,0,5.0,1,,0,0,0,1.0,2.7,0.0,0.0,"Cisplatin, doxorubicin, Mitomycin-C",16668.08,6049.45,4.0,136.4,142.6,3.0,152.0,151.0,3.0,133.0,139.5,3.0,136.4,93.5,2.0,152.0,151.0,3.0,133.0,121.5,3.0,0,0,0,0,1,0,0,0,0,1,0,0,0,1,0,0,0,0,0,0,0,0,1,0,0,1,0
HCC_059,0,3.14,8.285714286,0,83,4.0,1,0,1,0,0,0,1,5.0,0,9.2,0,0,0,0.0,5.1,0.0,0.0,,6376.17,1539.9,4.0,82.7,8.4,2.0,86.0,81.0,3.0,79.6,85.1,3.0,82.7,53.1,2.0,68.0,52.0,3.0,70.3,47.4,2.0,0,0,0,0,1,0,0,1,0,0,0,0,0,0,0,0,0,1,0,0,0,1,0,0,1,0,0
HCC_060,868,17.0,96.85714286,1,64,3.0,2,0,0,1,1,0,1,5.0,1,,0,0,0,0.0,6.7,0.0,0.0,"Cisplatin, doxorubicin, Mitomycin-C",188.86999999999998,1490.75,4.0,41.3,44.5,3.0,42.0,43.0,3.0,41.8,35.5,3.0,18.7,44.5,4.0,42.0,28.0,2.0,40.7,16.6,2.0,0,0,0,0,1,0,0,1,0,0,0,0,0,1,0,0,0,0,0,0,0,0,1,0,1,0,0
HCC_061,7,7.43,6.0,1,40,0.0,1,1,1,1,0,0,1,3.0,0,,1,0,1,0.0,6730.7,1.0,0.0,,6928.6900000000005,16884.600000000002,4.0,90.1,131.5,4.0,93.0,121.0,4.0,86.5,121.4,4.0,90.1,131.5,4.0,93.0,121.0,4.0,64.5,114.0,4.0,1,0,0,0,1,0,0,0,0,1,0,0,0,0,1,0,0,0,0,0,0,0,1,0,1,0,0
HCC_062,-193,10.71,10.42857143,1,71,4.0,2,1,0,1,0,0,1,2.0,0,7.3,0,0,0,0.0,38531.6,1.0,0.0,,5497.639999999999,1578.1000000000001,4.0,82.3,67.5,3.0,78.0,67.0,3.0,79.4,70.5,3.0,82.3,43.0,2.0,78.0,31.0,2.0,75.5,46.9,2.0,0,0,1,0,1,0,0,0,1,0,0,0,0,1,0,0,0,0,0,0,0,1,0,0,1,0,0
HCC_063,-2,11.0,66.14285714,1,70,3.0,2,0,1,0,0,0,1,0.0,0,,0,1,0,0.0,52.8,0.0,0.0,"Cisplatin, doxorubicin, Mitomycin-C",537.5,234.91,4.0,75.3,41.9,2.0,82.0,55.0,2.0,81.8,50.6,2.0,65.2,16.9,2.0,82.0,0.0,1.0,70.1,27.2,2.0,0,1,0,1,1,0,0,0,1,0,0,0,0,0,0,0,0,0,1,0,0,0,1,0,1,0,0
HCC_064,33,23.86,20.85714286,1,54,2.0,1,1,1,0,0,0,1,1.0,0,,1,0,1,0.0,6210.9,1.0,1.0,,2406.48,1264.56,4.0,84.9,74.2,3.0,92.0,54.0,2.0,94.7,70.9,3.0,54.2,47.9,3.0,92.0,28.0,2.0,91.7,41.8,2.0,0,0,1,1,1,0,0,0,0,0,1,0,0,0,0,0,1,0,0,0,0,0,1,0,1,0,0
HCC_065,8,7.86,7.571428571,0,31,0.0,1,1,0,1,0,0,0,0.0,1,,1,0,1,1.0,2.4,0.0,1.0,"Cisplatin, doxorubicin, Mitomycin-C",,,,,,,,,,81.6,164.4,4.0,,,,,,,52.5,132.7,4.0,0,0,0,0,1,0,0,0,0,0,1,0,0,0,0,0,1,0,0,0,0,0,1,0,0,1,0
HCC_066,-7,3.29,14.85714286,1,60,2.0,2,0,0,1,0,0,1,3.0,0,11.1,0,0,0,1.0,5277.3,1.0,1.0,"Cisplatin, doxorubicin, Mitomycin-C",11454.300000000001,4250.400000000001,4.0,115.7,105.3,3.0,111.0,101.0,3.0,111.0,107.7,3.0,115.7,69.0,2.0,111.0,64.0,2.0,107.8,72.0,2.0,0,0,1,0,1,0,0,0,0,0,1,0,0,1,0,0,0,0,0,0,0,1,0,0,0,1,0
HCC_067,7,2.14,9.0,0,59,2.0,2,0,1,1,0,0,1,3.0,1,,0,0,0,0.0,67664.9,1.0,0.0,"Cisplatin, doxorubicin, Mitomycin-C",9134.800000000001,5646.96,4.0,111.4,104.1,3.0,101.0,105.0,3.0,114.5,104.5,3.0,111.4,82.8,3.0,101.0,98.0,3.0,95.4,76.1,3.0,0,0,0,0,1,0,0,0,1,0,0,0,0,1,0,0,0,0,0,0,0,0,1,0,1,0,0
HCC_068,69,6.57,7.0,0,68,3.0,1,1,1,0,0,0,1,1.0,0,,1,1,1,0.0,37.5,0.0,0.0,,797.86,604.52,4.0,28.7,25.4,3.0,32.0,25.0,3.0,26.6,23.8,3.0,28.7,25.4,3.0,32.0,25.0,3.0,26.6,23.8,3.0,0,0,0,0,1,0,0,0,1,0,0,0,0,0,0,0,0,0,1,0,0,0,1,0,1,0,0
HCC_069,3,9.0,5.428571429,0,54,2.0,1,0,1,1,1,0,1,0.0,0,3.6,0,0,0,0.0,1584.6,1.0,0.0,doxorubicin LC beads,988.3999999999999,0.0,3.0,35.3,25.9,3.0,31.0,25.0,3.0,36.1,24.4,2.0,35.3,0.0,1.0,31.0,0.0,1.0,20.1,0.0,1.0,0,1,0,0,1,0,0,0,1,0,0,0,0,1,0,0,0,0,0,0,1,0,0,0,1,0,0
HCC_070,10,5.86,115.7142857,0,77,4.0,1,1,1,1,0,0,0,5.0,1,,0,1,0,1.0,15450.4,1.0,1.0,doxorubicin LC beads,3674.76,7091.37,4.0,141.9,160.5,3.0,143.0,152.0,3.0,146.0,165.8,3.0,67.8,95.7,4.0,132.0,122.0,3.0,113.8,123.0,3.0,0,0,0,0,1,0,0,0,0,0,1,0,0,0,0,0,0,0,1,0,0,0,1,0,0,1,0
HCC_071,40,11.14,33.0,0,68,3.0,2,0,0,1,1,1,0,5.0,0,3.0,0,0,0,0.0,8.7,0.0,0.0,doxorubicin LC beads,774.41,238.28999999999996,4.0,29.9,22.7,3.0,26.0,23.0,3.0,26.4,24.5,3.0,29.9,16.9,2.0,26.0,23.0,3.0,26.4,24.4,3.0,0,0,0,1,1,0,0,0,1,0,0,0,0,0,1,0,0,0,0,0,0,1,0,0,1,0,0
HCC_072,28,7.43,90.0,1,69,3.0,2,0,0,1,0,0,1,3.0,1,,1,0,0,0.0,13.7,0.0,0.0,doxorubicin LC beads,2524.4,688.5,4.0,89.3,88.7,3.0,85.0,104.0,4.0,78.4,97.9,4.0,69.8,46.5,2.0,85.0,49.0,2.0,62.7,31.2,2.0,0,0,0,1,1,0,0,0,1,0,0,0,0,0,0,0,1,0,0,0,0,0,1,0,1,0,0
HCC_073,56,17.0,49.0,0,67,3.0,1,0,1,0,1,0,1,0.0,1,,1,0,0,1.0,1.9,0.0,0.0,doxorubicin LC beads,,,,,,,,,,,,,,,,,,,,,,0,0,0,1,1,0,0,0,0,1,0,0,0,0,0,0,1,0,0,0,0,0,1,0,0,1,0
HCC_074,37,9.14,30.71428571,1,56,2.0,2,0,0,0,0,0,1,1.0,1,,0,0,0,0.0,207.0,0.0,0.0,doxorubicin LC beads,1770.7200000000003,56.16,4.0,49.6,41.9,3.0,44.0,41.0,3.0,34.7,41.9,4.0,49.6,7.8,2.0,44.0,33.0,3.0,28.9,33.8,3.0,0,0,1,0,1,0,0,1,0,0,0,0,0,1,0,0,0,0,0,0,0,0,1,0,1,0,0
HCC_075,19,12.71,9.857142857,1,67,3.0,2,1,0,1,0,0,0,1.0,1,,1,1,1,1.0,38.5,0.0,1.0,doxorubicin LC beads,68.64,10936.859999999999,4.0,176.5,243.9,4.0,173.0,243.0,4.0,179.7,242.0,4.0,15.6,160.6,4.0,119.0,159.0,4.0,53.6,90.7,4.0,0,0,0,1,1,0,0,0,0,0,1,0,0,0,0,0,0,0,0,1,0,0,1,0,0,1,0
HCC_076,0,30.29,14.0,1,93,4.0,2,0,0,1,0,0,1,3.0,1,4.0,0,0,0,0.0,93.8,0.0,0.0,doxorubicin LC beads,624.91,147.63,4.0,33.8,41.5,4.0,41.0,39.0,3.0,41.2,39.4,3.0,29.9,13.3,2.0,31.0,11.0,2.0,31.0,8.0,2.0,0,1,0,1,1,0,0,0,1,0,0,0,0,0,1,0,0,0,0,0,0,0,1,0,1,0,0
HCC_077,13,6.86,46.85714286,1,81,4.0,1,1,0,0,0,0,1,5.0,1,,1,0,1,0.0,2.2,0.0,0.0,doxorubicin LC beads,515.16,0.0,3.0,24.3,50.4,4.0,24.0,19.0,3.0,24.2,17.8,3.0,24.3,0.0,1.0,24.0,18.0,3.0,19.5,14.1,3.0,0,0,1,0,1,0,0,0,1,0,0,0,0,0,0,0,1,0,0,0,0,0,1,0,1,0,0
HCC_078,21,9.86,73.57142857,0,72,4.0,1,1,1,1,1,1,1,5.0,0,3.8,0,0,0,0.0,11.0,0.0,0.0,"Cisplatin, doxorubicin, Mitomycin-C",1187.76,0.0,3.0,40.4,25.9,2.0,44.0,27.0,2.0,37.1,24.6,2.0,40.4,0.0,1.0,44.0,0.0,1.0,37.1,0.0,1.0,0,0,1,0,1,0,0,1,0,0,0,0,0,1,0,0,0,0,0,0,1,0,0,0,1,0,0
HCC_079,6,9.0,5.571428571,0,76,4.0,1,1,1,0,1,0,0,5.0,0,5.8,0,0,0,0.0,2.9,0.0,0.0,doxorubicin LC beads,1704.3,0.0,3.0,66.5,50.9,3.0,64.0,51.0,3.0,51.8,49.6,3.0,57.0,0.0,1.0,64.0,0.0,1.0,43.0,0.0,1.0,0,0,0,0,1,0,0,1,0,0,0,0,0,1,0,0,0,0,0,0,0,1,0,0,1,0,0
HCC_080,14,7.29,4.0,1,76,4.0,1,1,0,0,1,0,0,0.0,1,,0,0,0,0.0,4.0,0.0,0.0,doxorubicin LC beads,20451.6,9590.400000000001,4.0,165.6,166.5,3.0,169.0,187.0,3.0,166.0,179.0,3.0,165.6,99.9,2.0,169.0,78.0,2.0,155.5,81.6,2.0,0,0,0,0,1,0,0,1,0,0,0,0,0,1,0,0,0,0,0,0,0,0,1,0,1,0,0
HCC_081,11,10.0,13.14285714,1,73,4.0,2,1,1,0,0,0,0,1.0,1,,0,1,0,0.0,4253.6,1.0,0.0,doxorubicin LC beads,1559.7500000000002,277.76,4.0,42.5,47.5,3.0,49.0,44.0,3.0,44.8,43.7,3.0,42.5,24.8,2.0,49.0,23.0,2.0,44.8,19.3,2.0,0,0,0,0,1,0,0,0,1,0,0,0,0,0,0,0,0,0,1,0,0,0,1,0,1,0,0
HCC_082,28,12.71,4.857142857,1,67,3.0,2,1,1,1,0,0,1,3.0,0,3.2,0,0,0,0.0,7.4,0.0,0.0,doxorubicin LC beads,713.64,809.1899999999999,4.0,40.6,38.3,3.0,40.0,40.0,3.0,36.1,39.1,3.0,31.3,33.3,3.0,40.0,40.0,3.0,27.2,30.9,3.0,0,0,0,0,1,0,0,1,0,0,0,0,0,1,0,0,0,0,0,0,1,0,0,0,1,0,0
HCC_083,-303,11.86,40.28571429,0,81,4.0,2,0,1,1,0,1,1,3.0,1,,0,1,0,0.0,2.7,0.0,0.0,doxorubicin LC beads,3757.5999999999995,1320.69,4.0,67.1,64.3,3.0,66.0,67.0,3.0,63.8,64.5,3.0,67.1,39.9,2.0,66.0,30.0,2.0,60.0,38.5,2.0,0,0,0,0,0,1,0,0,1,0,0,0,0,0,0,0,0,0,1,0,0,0,1,0,1,0,0
HCC_084,1,,20.57142857,0,72,4.0,2,1,1,1,1,1,1,3.0,1,,0,0,0,0.0,54.9,0.0,0.0,doxorubicin LC beads,246.87,28.29,4.0,31.7,21.7,2.0,33.0,30.0,3.0,31.2,27.1,3.0,21.1,6.9,2.0,33.0,0.0,1.0,21.2,14.5,2.0,0,0,0,0,1,0,0,1,0,0,0,0,0,1,0,0,0,0,0,0,0,0,1,0,1,0,0
HCC_085,0,8.71,17.57142857,1,56,2.0,2,0,1,1,0,0,1,0.0,1,4.0,0,0,0,0.0,2620.6,1.0,0.0,doxorubicin LC beads,,,,,,,,,,,,,,,,,,,,,,0,1,0,1,1,0,0,0,0,1,0,0,0,0,1,0,0,0,0,0,0,0,1,0,1,0,0
HCC_086,13,3.71,63.42857143,1,86,4.0,1,1,1,0,0,0,1,3.0,0,4.6,0,0,0,0.0,8.6,0.0,0.0,doxorubicin LC beads,1701.7,151.20000000000002,4.0,45.5,45.0,3.0,46.0,43.0,3.0,45.5,36.9,3.0,45.5,18.0,2.0,46.0,0.0,1.0,45.5,12.2,2.0,0,0,1,0,1,0,0,1,0,0,0,0,0,1,0,0,0,0,0,0,1,0,0,0,1,0,0
HCC_087,-15,10.86,12.0,0,66,3.0,1,1,0,1,1,0,1,5.0,1,,0,1,0,1.0,34.3,0.0,0.0,doxorubicin LC beads,7567.19,10218.24,4.0,187.1,210.7,3.0,190.0,211.0,3.0,185.5,215.6,3.0,139.7,142.7,3.0,162.0,168.0,3.0,141.9,134.2,3.0,0,0,0,1,1,0,0,0,0,1,0,0,0,0,0,0,0,0,1,0,0,0,1,0,0,1,0
HCC_088,5,13.43,8.142857143,0,81,4.0,2,1,0,0,1,0,0,4.0,1,,0,0,0,0.0,20.0,0.0,0.0,doxorubicin LC beads,4712.400000000001,1500.6000000000001,4.0,76.5,78.4,3.0,76.0,83.0,3.0,77.0,80.5,3.0,76.5,49.2,2.0,76.0,44.0,2.0,76.5,48.3,2.0,0,0,0,0,0,1,0,0,1,0,0,0,0,1,0,0,0,0,0,0,0,0,1,0,1,0,0
HCC_089,21,,38.0,0,56,2.0,1,1,1,1,0,0,1,5.0,0,,0,1,0,0.0,25.8,0.0,0.0,doxorubicin LC beads,1021.86,770.08,4.0,60.4,52.3,3.0,59.0,40.0,2.0,52.5,45.3,3.0,63.1,47.2,3.0,59.0,36.0,2.0,52.5,33.1,2.0,0,1,0,1,0,1,0,0,0,1,0,0,0,0,0,0,0,0,1,0,0,0,1,0,1,0,0
HCC_090,-4,8.57,15.42857143,0,54,2.0,1,0,1,0,0,0,1,3.0,0,1.0,0,0,0,0.0,19.8,0.0,0.0,doxorubicin LC beads,,,,,,,,,,,,,,,,,,,,,,0,0,1,1,1,0,0,0,1,0,0,0,0,0,1,0,0,0,0,0,0,1,0,0,1,0,0
HCC_091,13,5.29,27.57142857,1,63,3.0,2,0,0,1,1,1,1,5.0,0,,1,0,0,0.0,1.4,0.0,0.0,doxorubicin LC beads,2318.0399999999995,2092.5,4.0,84.6,85.6,3.0,92.0,88.0,3.0,95.8,88.8,3.0,84.6,67.5,3.0,70.0,56.0,3.0,66.2,26.6,2.0,1,0,0,0,1,0,0,1,0,0,0,0,0,0,0,0,1,0,0,0,0,0,1,0,1,0,0
HCC_092,0,7.0,58.85714286,0,72,4.0,1,1,1,1,0,1,1,0.0,0,4.6,0,0,0,0.0,21.4,0.0,0.0,doxorubicin LC beads,1892.46,1160.0,4.0,53.1,60.8,3.0,41.0,37.0,3.0,47.5,48.3,3.0,53.1,53.0,3.0,41.0,27.0,2.0,47.5,39.8,3.0,0,0,0,0,1,0,0,1,0,0,0,0,0,1,0,0,0,0,0,0,1,0,0,0,1,0,0
HCC_093,-5,9.86,67.0,1,70,3.0,2,1,1,1,0,0,1,1.0,1,5.2,0,0,0,0.0,4686.2,1.0,0.0,doxorubicin LC beads,1320.6599999999999,261.63000000000005,4.0,54.6,56.9,3.0,59.0,59.0,3.0,58.6,60.0,3.0,41.4,17.1,2.0,59.0,59.0,3.0,37.6,19.8,2.0,0,0,0,1,1,0,0,0,0,1,0,0,0,0,0,1,0,0,0,0,0,0,1,0,1,0,0
HCC_094,14,9.0,17.14285714,1,75,4.0,1,0,0,0,0,0,0,0.0,1,9.9,0,0,0,0.0,2.9,0.0,0.0,doxorubicin LC beads,7697.32,1238.0199999999998,4.0,96.7,94.5,3.0,98.0,94.0,3.0,98.0,10.4,2.0,96.7,51.8,2.0,87.0,68.0,3.0,71.8,37.7,2.0,0,0,1,1,1,0,0,0,1,0,0,0,0,0,0,1,0,0,0,0,0,0,1,0,1,0,0
HCC_095,90,12.29,21.85714286,1,68,3.0,1,0,0,1,0,0,1,1.0,0,1.6,0,0,0,0.0,33.4,0.0,0.0,doxorubicin LC beads,337.74,68.9,4.0,43.6,41.1,3.0,42.0,36.0,3.0,41.4,24.4,2.0,38.3,10.6,2.0,42.0,20.0,2.0,37.7,13.9,2.0,1,0,0,0,1,0,0,1,0,0,0,0,0,1,0,0,0,0,0,0,1,0,0,0,1,0,0
HCC_096,4,10.57,9.714285714,0,63,3.0,1,1,0,0,0,0,0,0.0,0,,1,1,1,0.0,20.5,0.0,0.0,,571.0099999999999,76.22000000000001,4.0,35.0,30.1,3.0,35.0,32.0,3.0,34.7,30.9,3.0,31.9,10.3,2.0,35.0,12.0,2.0,30.8,9.1,2.0,0,1,0,0,1,0,0,0,1,0,0,0,0,0,0,0,0,0,1,0,0,0,1,0,1,0,0
HCC_097,8,12.14,28.85714286,0,59,2.0,1,1,1,0,0,0,1,3.0,0,2.6,0,0,0,0.0,32.4,0.0,0.0,,585.06,548.9100000000001,4.0,29.4,50.2,4.0,28.0,21.0,3.0,28.3,18.2,2.0,29.4,32.1,3.0,28.0,0.0,1.0,28.3,0.0,1.0,0,0,1,1,1,0,0,0,1,0,0,0,0,0,1,0,0,0,0,0,0,1,0,0,1,0,0
HCC_098,0,,14.14285714,1,55,2.0,2,1,1,1,0,1,1,0.0,1,,1,0,0,0.0,293.6,0.0,0.0,doxorubicin LC beads,362.1,192.0,4.0,21.3,28.8,4.0,21.0,18.0,3.0,19.2,17.5,3.0,21.3,16.0,3.0,21.0,18.0,3.0,19.2,11.3,2.0,0,1,0,0,1,0,0,1,0,0,0,0,0,0,0,0,1,0,0,0,0,0,1,0,1,0,0
HCC_099,28,7.86,40.0,1,74,4.0,1,1,0,0,0,0,0,5.0,1,20.0,0,0,0,1.0,2.1,0.0,0.0,doxorubicin LC beads,1442.27,4793.589999999999,4.0,96.8,140.6,4.0,93.0,133.0,4.0,,,,61.9,95.3,4.0,74.0,103.0,4.0,,,,0,0,0,1,1,0,0,0,0,1,0,0,0,0,0,1,0,0,0,0,0,0,1,0,0,1,0
HCC_100,2,8.71,4.142857143,1,50,1.0,1,0,0,0,0,0,1,1.0,0,10.3,0,0,0,0.0,2278.6,1.0,0.0,,,,,,,,,,,96.6,131.0,4.0,,,,,,,59.7,54.5,3.0,1,0,0,0,1,0,0,0,1,0,0,0,0,1,0,0,0,0,0,0,0,1,0,0,1,0,0
HCC_101,-6,4.29,39.85714286,0,57,2.0,1,1,1,0,0,0,1,5.0,0,3.1,0,0,0,0.0,13.4,0.0,0.0,doxorubicin LC beads,1196.34,0.0,3.0,38.1,26.7,3.0,35.0,30.0,3.0,34.9,24.4,2.0,38.1,0.0,1.0,35.0,0.0,1.0,32.0,8.0,2.0,0,1,0,0,1,0,0,1,0,0,0,0,0,1,0,0,0,0,0,0,1,0,0,0,1,0,0
HCC_102,27,8.86,80.14285714,1,86,4.0,1,0,0,1,0,0,1,3.0,1,,0,0,0,0.0,6.1,0.0,0.0,,2436.75,557.5,4.0,86.9,76.8,3.0,87.0,81.0,3.0,87.0,74.4,3.0,67.5,25.0,2.0,74.0,31.0,2.0,77.9,23.4,2.0,0,0,1,0,1,0,0,1,0,0,0,0,0,1,0,0,0,0,0,0,0,0,1,0,1,0,0
HCC_103,1,11.0,19.28571429,0,79,4.0,1,1,1,1,1,0,1,5.0,0,2.8,0,0,0,0.0,3.9,0.0,0.0,doxorubicin LC beads,1042.8600000000001,0.0,3.0,38.2,34.9,3.0,34.0,34.0,3.0,32.0,20.0,2.0,38.2,0.0,1.0,34.0,0.0,1.0,28.9,0.0,1.0,0,0,0,1,1,0,0,0,1,0,0,0,0,0,1,0,0,0,0,0,1,0,0,0,1,0,0
HCC_104,9,24.14,42.28571429,1,66,3.0,1,1,1,1,1,0,1,5.0,0,3.2,0,0,0,0.0,5.2,0.0,0.0,doxorubicin LC beads,579.5999999999999,0.0,3.0,31.5,18.8,2.0,32.0,22.0,2.0,,,,31.5,0.0,1.0,32.0,0.0,1.0,,,,0,0,1,1,1,0,0,0,1,0,0,0,0,0,1,0,0,0,0,0,0,1,0,0,1,0,0
HCC_105,6,,47.71428571,0,58,2.0,1,1,1,0,1,0,1,5.0,0,5.6,0,0,0,0.0,4.0,0.0,0.0,doxorubicin LC beads,1573.8799999999999,976.2200000000001,4.0,56.6,57.5,3.0,74.0,64.0,3.0,73.7,71.5,3.0,53.9,36.7,2.0,74.0,37.0,2.0,52.0,53.8,3.0,0,0,0,1,1,0,0,0,1,0,0,0,0,0,0,1,0,0,0,0,0,1,0,0,1,0,0
